"Tabela 3170 - Pessoas de 10 anos ou mais de idade, com rendimento, Valor do rendimento nominal médio mensal e Valor do rendimento nominal mediano mensal das pessoas de 10 anos ou mais de idade, com rendimento, por sexo, situação do domicílio e grupos de idade"
"Variável - Pessoas de 10 anos ou mais de idade, com rendimento (Pessoas)"
"Bairro";"Grupo de idade";"Ano x Sexo x Situação do domicílio"
"Bairro";"Grupo de idade";"2010"
"Bairro";"Grupo de idade";"Total";"Homens";"Mulheres"
"Bairro";"Grupo de idade";"Total";"Total";"Total"
"Batista Campos - Belém (PA)";"Total";"11763";"5232";"6531"
"Batista Campos - Belém (PA)";"10 a 14 anos";"34";"19";"15"
"Batista Campos - Belém (PA)";"15 a 19 anos";"235";"92";"143"
"Batista Campos - Belém (PA)";"15 a 17 anos";"80";"36";"44"
"Batista Campos - Belém (PA)";"18 ou 19 anos";"155";"56";"99"
"Batista Campos - Belém (PA)";"20 a 24 anos";"894";"410";"484"
"Batista Campos - Belém (PA)";"25 a 29 anos";"1255";"548";"707"
"Batista Campos - Belém (PA)";"30 a 34 anos";"1130";"526";"604"
"Batista Campos - Belém (PA)";"35 a 39 anos";"1070";"471";"599"
"Batista Campos - Belém (PA)";"40 a 44 anos";"1157";"542";"615"
"Batista Campos - Belém (PA)";"45 a 49 anos";"1131";"543";"588"
"Batista Campos - Belém (PA)";"50 a 54 anos";"1060";"483";"577"
"Batista Campos - Belém (PA)";"55 a 59 anos";"914";"384";"530"
"Batista Campos - Belém (PA)";"60 a 69 anos";"1458";"662";"796"
"Batista Campos - Belém (PA)";"70 anos ou mais";"1425";"552";"873"
"Canudos - Belém (PA)";"Total";"7863";"3811";"4052"
"Canudos - Belém (PA)";"10 a 14 anos";"37";"13";"24"
"Canudos - Belém (PA)";"15 a 19 anos";"155";"71";"84"
"Canudos - Belém (PA)";"15 a 17 anos";"55";"28";"27"
"Canudos - Belém (PA)";"18 ou 19 anos";"100";"43";"57"
"Canudos - Belém (PA)";"20 a 24 anos";"669";"373";"296"
"Canudos - Belém (PA)";"25 a 29 anos";"899";"474";"425"
"Canudos - Belém (PA)";"30 a 34 anos";"905";"453";"452"
"Canudos - Belém (PA)";"35 a 39 anos";"892";"455";"437"
"Canudos - Belém (PA)";"40 a 44 anos";"812";"415";"397"
"Canudos - Belém (PA)";"45 a 49 anos";"778";"370";"408"
"Canudos - Belém (PA)";"50 a 54 anos";"645";"318";"327"
"Canudos - Belém (PA)";"55 a 59 anos";"527";"255";"272"
"Canudos - Belém (PA)";"60 a 69 anos";"732";"316";"416"
"Canudos - Belém (PA)";"70 anos ou mais";"812";"298";"514"
"Cidade Velha - Belém (PA)";"Total";"6976";"3346";"3630"
"Cidade Velha - Belém (PA)";"10 a 14 anos";"34";"19";"15"
"Cidade Velha - Belém (PA)";"15 a 19 anos";"152";"72";"80"
"Cidade Velha - Belém (PA)";"15 a 17 anos";"39";"14";"25"
"Cidade Velha - Belém (PA)";"18 ou 19 anos";"113";"58";"55"
"Cidade Velha - Belém (PA)";"20 a 24 anos";"572";"293";"279"
"Cidade Velha - Belém (PA)";"25 a 29 anos";"770";"407";"363"
"Cidade Velha - Belém (PA)";"30 a 34 anos";"738";"395";"343"
"Cidade Velha - Belém (PA)";"35 a 39 anos";"691";"343";"348"
"Cidade Velha - Belém (PA)";"40 a 44 anos";"794";"387";"407"
"Cidade Velha - Belém (PA)";"45 a 49 anos";"642";"328";"314"
"Cidade Velha - Belém (PA)";"50 a 54 anos";"583";"274";"309"
"Cidade Velha - Belém (PA)";"55 a 59 anos";"490";"240";"250"
"Cidade Velha - Belém (PA)";"60 a 69 anos";"714";"291";"423"
"Cidade Velha - Belém (PA)";"70 anos ou mais";"796";"297";"499"
"Condor - Belém (PA)";"Total";"20917";"10918";"9999"
"Condor - Belém (PA)";"10 a 14 anos";"194";"87";"107"
"Condor - Belém (PA)";"15 a 19 anos";"619";"352";"267"
"Condor - Belém (PA)";"15 a 17 anos";"271";"154";"117"
"Condor - Belém (PA)";"18 ou 19 anos";"348";"198";"150"
"Condor - Belém (PA)";"20 a 24 anos";"1964";"1067";"897"
"Condor - Belém (PA)";"25 a 29 anos";"2735";"1519";"1216"
"Condor - Belém (PA)";"30 a 34 anos";"2867";"1543";"1324"
"Condor - Belém (PA)";"35 a 39 anos";"2542";"1375";"1167"
"Condor - Belém (PA)";"40 a 44 anos";"2285";"1218";"1067"
"Condor - Belém (PA)";"45 a 49 anos";"1877";"1003";"874"
"Condor - Belém (PA)";"50 a 54 anos";"1599";"836";"763"
"Condor - Belém (PA)";"55 a 59 anos";"1147";"609";"538"
"Condor - Belém (PA)";"60 a 69 anos";"1633";"752";"881"
"Condor - Belém (PA)";"70 anos ou mais";"1455";"557";"898"
"Cremação - Belém (PA)";"Total";"17096";"8268";"8828"
"Cremação - Belém (PA)";"10 a 14 anos";"111";"58";"53"
"Cremação - Belém (PA)";"15 a 19 anos";"403";"216";"187"
"Cremação - Belém (PA)";"15 a 17 anos";"152";"78";"74"
"Cremação - Belém (PA)";"18 ou 19 anos";"251";"138";"113"
"Cremação - Belém (PA)";"20 a 24 anos";"1348";"705";"643"
"Cremação - Belém (PA)";"25 a 29 anos";"2041";"1058";"983"
"Cremação - Belém (PA)";"30 a 34 anos";"1933";"1005";"928"
"Cremação - Belém (PA)";"35 a 39 anos";"1838";"905";"933"
"Cremação - Belém (PA)";"40 a 44 anos";"1814";"879";"935"
"Cremação - Belém (PA)";"45 a 49 anos";"1673";"835";"838"
"Cremação - Belém (PA)";"50 a 54 anos";"1424";"720";"704"
"Cremação - Belém (PA)";"55 a 59 anos";"1160";"569";"591"
"Cremação - Belém (PA)";"60 a 69 anos";"1735";"755";"980"
"Cremação - Belém (PA)";"70 anos ou mais";"1616";"563";"1053"
"Guamá - Belém (PA)";"Total";"44917";"23841";"21076"
"Guamá - Belém (PA)";"10 a 14 anos";"451";"226";"225"
"Guamá - Belém (PA)";"15 a 19 anos";"1295";"754";"541"
"Guamá - Belém (PA)";"15 a 17 anos";"510";"295";"215"
"Guamá - Belém (PA)";"18 ou 19 anos";"785";"459";"326"
"Guamá - Belém (PA)";"20 a 24 anos";"4299";"2456";"1843"
"Guamá - Belém (PA)";"25 a 29 anos";"5954";"3410";"2544"
"Guamá - Belém (PA)";"30 a 34 anos";"5946";"3236";"2710"
"Guamá - Belém (PA)";"35 a 39 anos";"5617";"3057";"2560"
"Guamá - Belém (PA)";"40 a 44 anos";"4836";"2600";"2236"
"Guamá - Belém (PA)";"45 a 49 anos";"4025";"2175";"1850"
"Guamá - Belém (PA)";"50 a 54 anos";"3319";"1752";"1567"
"Guamá - Belém (PA)";"55 a 59 anos";"2489";"1291";"1198"
"Guamá - Belém (PA)";"60 a 69 anos";"3587";"1711";"1876"
"Guamá - Belém (PA)";"70 anos ou mais";"3099";"1173";"1926"
"Jurunas - Belém (PA)";"Total";"32828";"16973";"15855"
"Jurunas - Belém (PA)";"10 a 14 anos";"348";"180";"168"
"Jurunas - Belém (PA)";"15 a 19 anos";"1000";"556";"444"
"Jurunas - Belém (PA)";"15 a 17 anos";"421";"233";"188"
"Jurunas - Belém (PA)";"18 ou 19 anos";"579";"323";"256"
"Jurunas - Belém (PA)";"20 a 24 anos";"3123";"1768";"1355"
"Jurunas - Belém (PA)";"25 a 29 anos";"4313";"2314";"1999"
"Jurunas - Belém (PA)";"30 a 34 anos";"4330";"2326";"2004"
"Jurunas - Belém (PA)";"35 a 39 anos";"3915";"2103";"1812"
"Jurunas - Belém (PA)";"40 a 44 anos";"3488";"1822";"1666"
"Jurunas - Belém (PA)";"45 a 49 anos";"2825";"1467";"1358"
"Jurunas - Belém (PA)";"50 a 54 anos";"2453";"1272";"1181"
"Jurunas - Belém (PA)";"55 a 59 anos";"1862";"957";"905"
"Jurunas - Belém (PA)";"60 a 69 anos";"2693";"1283";"1410"
"Jurunas - Belém (PA)";"70 anos ou mais";"2478";"925";"1553"
"Marambaia - Belém (PA)";"Total";"35312";"18014";"17298"
"Marambaia - Belém (PA)";"10 a 14 anos";"339";"179";"160"
"Marambaia - Belém (PA)";"15 a 19 anos";"933";"510";"423"
"Marambaia - Belém (PA)";"15 a 17 anos";"381";"209";"172"
"Marambaia - Belém (PA)";"18 ou 19 anos";"552";"301";"251"
"Marambaia - Belém (PA)";"20 a 24 anos";"3116";"1674";"1442"
"Marambaia - Belém (PA)";"25 a 29 anos";"4450";"2398";"2052"
"Marambaia - Belém (PA)";"30 a 34 anos";"4441";"2342";"2099"
"Marambaia - Belém (PA)";"35 a 39 anos";"4165";"2190";"1975"
"Marambaia - Belém (PA)";"40 a 44 anos";"3853";"1995";"1858"
"Marambaia - Belém (PA)";"45 a 49 anos";"2873";"1480";"1393"
"Marambaia - Belém (PA)";"50 a 54 anos";"2749";"1392";"1357"
"Marambaia - Belém (PA)";"55 a 59 anos";"2253";"1169";"1084"
"Marambaia - Belém (PA)";"60 a 69 anos";"3398";"1609";"1789"
"Marambaia - Belém (PA)";"70 anos ou mais";"2742";"1076";"1666"
"Marco - Belém (PA)";"Total";"36975";"18001";"18974"
"Marco - Belém (PA)";"10 a 14 anos";"210";"116";"94"
"Marco - Belém (PA)";"15 a 19 anos";"692";"339";"353"
"Marco - Belém (PA)";"15 a 17 anos";"260";"120";"140"
"Marco - Belém (PA)";"18 ou 19 anos";"432";"219";"213"
"Marco - Belém (PA)";"20 a 24 anos";"3038";"1574";"1464"
"Marco - Belém (PA)";"25 a 29 anos";"4478";"2239";"2239"
"Marco - Belém (PA)";"30 a 34 anos";"4273";"2190";"2083"
"Marco - Belém (PA)";"35 a 39 anos";"3900";"1965";"1935"
"Marco - Belém (PA)";"40 a 44 anos";"3878";"1967";"1911"
"Marco - Belém (PA)";"45 a 49 anos";"3611";"1813";"1798"
"Marco - Belém (PA)";"50 a 54 anos";"3234";"1599";"1635"
"Marco - Belém (PA)";"55 a 59 anos";"2610";"1245";"1365"
"Marco - Belém (PA)";"60 a 69 anos";"3681";"1656";"2025"
"Marco - Belém (PA)";"70 anos ou mais";"3370";"1298";"2072"
"Fátima - Belém (PA)";"Total";"6379";"3171";"3208"
"Fátima - Belém (PA)";"10 a 14 anos";"45";"22";"23"
"Fátima - Belém (PA)";"15 a 19 anos";"162";"84";"78"
"Fátima - Belém (PA)";"15 a 17 anos";"61";"30";"31"
"Fátima - Belém (PA)";"18 ou 19 anos";"101";"54";"47"
"Fátima - Belém (PA)";"20 a 24 anos";"534";"268";"266"
"Fátima - Belém (PA)";"25 a 29 anos";"722";"386";"336"
"Fátima - Belém (PA)";"30 a 34 anos";"777";"434";"343"
"Fátima - Belém (PA)";"35 a 39 anos";"696";"371";"325"
"Fátima - Belém (PA)";"40 a 44 anos";"647";"315";"332"
"Fátima - Belém (PA)";"45 a 49 anos";"588";"315";"273"
"Fátima - Belém (PA)";"50 a 54 anos";"513";"268";"245"
"Fátima - Belém (PA)";"55 a 59 anos";"430";"195";"235"
"Fátima - Belém (PA)";"60 a 69 anos";"663";"290";"373"
"Fátima - Belém (PA)";"70 anos ou mais";"602";"223";"379"
"Nazaré - Belém (PA)";"Total";"13138";"5762";"7376"
"Nazaré - Belém (PA)";"10 a 14 anos";"30";"10";"20"
"Nazaré - Belém (PA)";"15 a 19 anos";"212";"84";"128"
"Nazaré - Belém (PA)";"15 a 17 anos";"61";"20";"41"
"Nazaré - Belém (PA)";"18 ou 19 anos";"151";"64";"87"
"Nazaré - Belém (PA)";"20 a 24 anos";"903";"406";"497"
"Nazaré - Belém (PA)";"25 a 29 anos";"1236";"567";"669"
"Nazaré - Belém (PA)";"30 a 34 anos";"1260";"596";"664"
"Nazaré - Belém (PA)";"35 a 39 anos";"1186";"543";"643"
"Nazaré - Belém (PA)";"40 a 44 anos";"1166";"541";"625"
"Nazaré - Belém (PA)";"45 a 49 anos";"1317";"594";"723"
"Nazaré - Belém (PA)";"50 a 54 anos";"1235";"558";"677"
"Nazaré - Belém (PA)";"55 a 59 anos";"1093";"484";"609"
"Nazaré - Belém (PA)";"60 a 69 anos";"1662";"732";"930"
"Nazaré - Belém (PA)";"70 anos ou mais";"1838";"647";"1191"
"Pedreira - Belém (PA)";"Total";"38128";"18739";"19389"
"Pedreira - Belém (PA)";"10 a 14 anos";"239";"116";"123"
"Pedreira - Belém (PA)";"15 a 19 anos";"788";"421";"367"
"Pedreira - Belém (PA)";"15 a 17 anos";"278";"138";"140"
"Pedreira - Belém (PA)";"18 ou 19 anos";"510";"283";"227"
"Pedreira - Belém (PA)";"20 a 24 anos";"3209";"1712";"1497"
"Pedreira - Belém (PA)";"25 a 29 anos";"4548";"2366";"2182"
"Pedreira - Belém (PA)";"30 a 34 anos";"4576";"2354";"2222"
"Pedreira - Belém (PA)";"35 a 39 anos";"4249";"2148";"2101"
"Pedreira - Belém (PA)";"40 a 44 anos";"4047";"2061";"1986"
"Pedreira - Belém (PA)";"45 a 49 anos";"3706";"1882";"1824"
"Pedreira - Belém (PA)";"50 a 54 anos";"3328";"1676";"1652"
"Pedreira - Belém (PA)";"55 a 59 anos";"2491";"1241";"1250"
"Pedreira - Belém (PA)";"60 a 69 anos";"3574";"1580";"1994"
"Pedreira - Belém (PA)";"70 anos ou mais";"3373";"1182";"2191"
"Reduto - Belém (PA)";"Total";"4054";"1801";"2253"
"Reduto - Belém (PA)";"10 a 14 anos";"14";"5";"9"
"Reduto - Belém (PA)";"15 a 19 anos";"63";"30";"33"
"Reduto - Belém (PA)";"15 a 17 anos";"21";"8";"13"
"Reduto - Belém (PA)";"18 ou 19 anos";"42";"22";"20"
"Reduto - Belém (PA)";"20 a 24 anos";"288";"125";"163"
"Reduto - Belém (PA)";"25 a 29 anos";"448";"201";"247"
"Reduto - Belém (PA)";"30 a 34 anos";"403";"197";"206"
"Reduto - Belém (PA)";"35 a 39 anos";"334";"160";"174"
"Reduto - Belém (PA)";"40 a 44 anos";"316";"144";"172"
"Reduto - Belém (PA)";"45 a 49 anos";"396";"181";"215"
"Reduto - Belém (PA)";"50 a 54 anos";"406";"190";"216"
"Reduto - Belém (PA)";"55 a 59 anos";"357";"163";"194"
"Reduto - Belém (PA)";"60 a 69 anos";"554";"238";"316"
"Reduto - Belém (PA)";"70 anos ou mais";"475";"167";"308"
"Sacramenta - Belém (PA)";"Total";"22709";"11892";"10817"
"Sacramenta - Belém (PA)";"10 a 14 anos";"261";"132";"129"
"Sacramenta - Belém (PA)";"15 a 19 anos";"649";"376";"273"
"Sacramenta - Belém (PA)";"15 a 17 anos";"257";"136";"121"
"Sacramenta - Belém (PA)";"18 ou 19 anos";"392";"240";"152"
"Sacramenta - Belém (PA)";"20 a 24 anos";"2175";"1242";"933"
"Sacramenta - Belém (PA)";"25 a 29 anos";"2973";"1640";"1333"
"Sacramenta - Belém (PA)";"30 a 34 anos";"2938";"1596";"1342"
"Sacramenta - Belém (PA)";"35 a 39 anos";"2695";"1474";"1221"
"Sacramenta - Belém (PA)";"40 a 44 anos";"2474";"1328";"1146"
"Sacramenta - Belém (PA)";"45 a 49 anos";"2003";"1051";"952"
"Sacramenta - Belém (PA)";"50 a 54 anos";"1663";"909";"754"
"Sacramenta - Belém (PA)";"55 a 59 anos";"1287";"650";"637"
"Sacramenta - Belém (PA)";"60 a 69 anos";"1939";"896";"1043"
"Sacramenta - Belém (PA)";"70 anos ou mais";"1652";"598";"1054"
"São Brás - Belém (PA)";"Total";"12321";"5495";"6826"
"São Brás - Belém (PA)";"10 a 14 anos";"32";"16";"16"
"São Brás - Belém (PA)";"15 a 19 anos";"211";"109";"102"
"São Brás - Belém (PA)";"15 a 17 anos";"69";"30";"39"
"São Brás - Belém (PA)";"18 ou 19 anos";"142";"79";"63"
"São Brás - Belém (PA)";"20 a 24 anos";"924";"432";"492"
"São Brás - Belém (PA)";"25 a 29 anos";"1310";"621";"689"
"São Brás - Belém (PA)";"30 a 34 anos";"1272";"619";"653"
"São Brás - Belém (PA)";"35 a 39 anos";"1033";"472";"561"
"São Brás - Belém (PA)";"40 a 44 anos";"1118";"517";"601"
"São Brás - Belém (PA)";"45 a 49 anos";"1205";"564";"641"
"São Brás - Belém (PA)";"50 a 54 anos";"1170";"524";"646"
"São Brás - Belém (PA)";"55 a 59 anos";"994";"447";"547"
"São Brás - Belém (PA)";"60 a 69 anos";"1450";"622";"828"
"São Brás - Belém (PA)";"70 anos ou mais";"1602";"552";"1050"
"Souza - Belém (PA)";"Total";"7385";"3674";"3711"
"Souza - Belém (PA)";"10 a 14 anos";"27";"14";"13"
"Souza - Belém (PA)";"15 a 19 anos";"146";"67";"79"
"Souza - Belém (PA)";"15 a 17 anos";"35";"16";"19"
"Souza - Belém (PA)";"18 ou 19 anos";"111";"51";"60"
"Souza - Belém (PA)";"20 a 24 anos";"705";"362";"343"
"Souza - Belém (PA)";"25 a 29 anos";"978";"478";"500"
"Souza - Belém (PA)";"30 a 34 anos";"876";"464";"412"
"Souza - Belém (PA)";"35 a 39 anos";"878";"466";"412"
"Souza - Belém (PA)";"40 a 44 anos";"786";"430";"356"
"Souza - Belém (PA)";"45 a 49 anos";"797";"408";"389"
"Souza - Belém (PA)";"50 a 54 anos";"658";"315";"343"
"Souza - Belém (PA)";"55 a 59 anos";"440";"206";"234"
"Souza - Belém (PA)";"60 a 69 anos";"558";"256";"302"
"Souza - Belém (PA)";"70 anos ou mais";"536";"208";"328"
"Telégrafo - Belém (PA)";"Total";"21475";"11084";"10391"
"Telégrafo - Belém (PA)";"10 a 14 anos";"209";"99";"110"
"Telégrafo - Belém (PA)";"15 a 19 anos";"519";"281";"238"
"Telégrafo - Belém (PA)";"15 a 17 anos";"221";"109";"112"
"Telégrafo - Belém (PA)";"18 ou 19 anos";"298";"172";"126"
"Telégrafo - Belém (PA)";"20 a 24 anos";"1783";"1018";"765"
"Telégrafo - Belém (PA)";"25 a 29 anos";"2619";"1445";"1174"
"Telégrafo - Belém (PA)";"30 a 34 anos";"2620";"1433";"1187"
"Telégrafo - Belém (PA)";"35 a 39 anos";"2510";"1339";"1171"
"Telégrafo - Belém (PA)";"40 a 44 anos";"2260";"1219";"1041"
"Telégrafo - Belém (PA)";"45 a 49 anos";"1976";"1074";"902"
"Telégrafo - Belém (PA)";"50 a 54 anos";"1692";"875";"817"
"Telégrafo - Belém (PA)";"55 a 59 anos";"1286";"652";"634"
"Telégrafo - Belém (PA)";"60 a 69 anos";"1988";"879";"1109"
"Telégrafo - Belém (PA)";"70 anos ou mais";"2013";"770";"1243"
"Montese (Terra Firme) - Belém (PA)";"Total";"29712";"15970";"13742"
"Montese (Terra Firme) - Belém (PA)";"10 a 14 anos";"452";"236";"216"
"Montese (Terra Firme) - Belém (PA)";"15 a 19 anos";"1090";"642";"448"
"Montese (Terra Firme) - Belém (PA)";"15 a 17 anos";"458";"272";"186"
"Montese (Terra Firme) - Belém (PA)";"18 ou 19 anos";"632";"370";"262"
"Montese (Terra Firme) - Belém (PA)";"20 a 24 anos";"3195";"1842";"1353"
"Montese (Terra Firme) - Belém (PA)";"25 a 29 anos";"4325";"2407";"1918"
"Montese (Terra Firme) - Belém (PA)";"30 a 34 anos";"4174";"2289";"1885"
"Montese (Terra Firme) - Belém (PA)";"35 a 39 anos";"3615";"1947";"1668"
"Montese (Terra Firme) - Belém (PA)";"40 a 44 anos";"3051";"1659";"1392"
"Montese (Terra Firme) - Belém (PA)";"45 a 49 anos";"2493";"1296";"1197"
"Montese (Terra Firme) - Belém (PA)";"50 a 54 anos";"2173";"1201";"972"
"Montese (Terra Firme) - Belém (PA)";"55 a 59 anos";"1580";"858";"722"
"Montese (Terra Firme) - Belém (PA)";"60 a 69 anos";"2095";"1007";"1088"
"Montese (Terra Firme) - Belém (PA)";"70 anos ou mais";"1469";"586";"883"
"Campina - Belém (PA)";"Total";"3927";"1794";"2133"
"Campina - Belém (PA)";"10 a 14 anos";"13";"5";"8"
"Campina - Belém (PA)";"15 a 19 anos";"67";"26";"41"
"Campina - Belém (PA)";"15 a 17 anos";"12";"7";"5"
"Campina - Belém (PA)";"18 ou 19 anos";"55";"19";"36"
"Campina - Belém (PA)";"20 a 24 anos";"316";"155";"161"
"Campina - Belém (PA)";"25 a 29 anos";"459";"218";"241"
"Campina - Belém (PA)";"30 a 34 anos";"385";"168";"217"
"Campina - Belém (PA)";"35 a 39 anos";"383";"186";"197"
"Campina - Belém (PA)";"40 a 44 anos";"359";"174";"185"
"Campina - Belém (PA)";"45 a 49 anos";"387";"190";"197"
"Campina - Belém (PA)";"50 a 54 anos";"358";"181";"177"
"Campina - Belém (PA)";"55 a 59 anos";"303";"129";"174"
"Campina - Belém (PA)";"60 a 69 anos";"452";"202";"250"
"Campina - Belém (PA)";"70 anos ou mais";"445";"160";"285"
"Umarizal - Belém (PA)";"Total";"18063";"8324";"9739"
"Umarizal - Belém (PA)";"10 a 14 anos";"65";"39";"26"
"Umarizal - Belém (PA)";"15 a 19 anos";"284";"135";"149"
"Umarizal - Belém (PA)";"15 a 17 anos";"77";"30";"47"
"Umarizal - Belém (PA)";"18 ou 19 anos";"207";"105";"102"
"Umarizal - Belém (PA)";"20 a 24 anos";"1297";"625";"672"
"Umarizal - Belém (PA)";"25 a 29 anos";"1929";"945";"984"
"Umarizal - Belém (PA)";"30 a 34 anos";"1813";"888";"925"
"Umarizal - Belém (PA)";"35 a 39 anos";"1694";"800";"894"
"Umarizal - Belém (PA)";"40 a 44 anos";"1784";"855";"929"
"Umarizal - Belém (PA)";"45 a 49 anos";"1847";"911";"936"
"Umarizal - Belém (PA)";"50 a 54 anos";"1730";"797";"933"
"Umarizal - Belém (PA)";"55 a 59 anos";"1394";"662";"732"
"Umarizal - Belém (PA)";"60 a 69 anos";"2030";"900";"1130"
"Umarizal - Belém (PA)";"70 anos ou mais";"2196";"767";"1429"
"Barreiro - Belém (PA)";"Total";"11743";"6539";"5204"
"Barreiro - Belém (PA)";"10 a 14 anos";"146";"65";"81"
"Barreiro - Belém (PA)";"15 a 19 anos";"487";"292";"195"
"Barreiro - Belém (PA)";"15 a 17 anos";"198";"106";"92"
"Barreiro - Belém (PA)";"18 ou 19 anos";"289";"186";"103"
"Barreiro - Belém (PA)";"20 a 24 anos";"1310";"784";"526"
"Barreiro - Belém (PA)";"25 a 29 anos";"1798";"1038";"760"
"Barreiro - Belém (PA)";"30 a 34 anos";"1771";"1003";"768"
"Barreiro - Belém (PA)";"35 a 39 anos";"1570";"886";"684"
"Barreiro - Belém (PA)";"40 a 44 anos";"1208";"657";"551"
"Barreiro - Belém (PA)";"45 a 49 anos";"872";"471";"401"
"Barreiro - Belém (PA)";"50 a 54 anos";"715";"408";"307"
"Barreiro - Belém (PA)";"55 a 59 anos";"583";"332";"251"
"Barreiro - Belém (PA)";"60 a 69 anos";"758";"393";"365"
"Barreiro - Belém (PA)";"70 anos ou mais";"525";"210";"315"
"Maracangalha - Belém (PA)";"Total";"14991";"8069";"6922"
"Maracangalha - Belém (PA)";"10 a 14 anos";"216";"95";"121"
"Maracangalha - Belém (PA)";"15 a 19 anos";"486";"282";"204"
"Maracangalha - Belém (PA)";"15 a 17 anos";"210";"121";"89"
"Maracangalha - Belém (PA)";"18 ou 19 anos";"276";"161";"115"
"Maracangalha - Belém (PA)";"20 a 24 anos";"1428";"819";"609"
"Maracangalha - Belém (PA)";"25 a 29 anos";"2027";"1153";"874"
"Maracangalha - Belém (PA)";"30 a 34 anos";"2065";"1116";"949"
"Maracangalha - Belém (PA)";"35 a 39 anos";"1853";"1040";"813"
"Maracangalha - Belém (PA)";"40 a 44 anos";"1625";"865";"760"
"Maracangalha - Belém (PA)";"45 a 49 anos";"1275";"683";"592"
"Maracangalha - Belém (PA)";"50 a 54 anos";"1215";"698";"517"
"Maracangalha - Belém (PA)";"55 a 59 anos";"863";"451";"412"
"Maracangalha - Belém (PA)";"60 a 69 anos";"1059";"510";"549"
"Maracangalha - Belém (PA)";"70 anos ou mais";"879";"357";"522"
"Miramar - Belém (PA)";"Total";"261";"142";"119"
"Miramar - Belém (PA)";"10 a 14 anos";"9";"3";"6"
"Miramar - Belém (PA)";"15 a 19 anos";"16";"9";"7"
"Miramar - Belém (PA)";"15 a 17 anos";"9";"5";"4"
"Miramar - Belém (PA)";"18 ou 19 anos";"7";"4";"3"
"Miramar - Belém (PA)";"20 a 24 anos";"20";"10";"10"
"Miramar - Belém (PA)";"25 a 29 anos";"28";"13";"15"
"Miramar - Belém (PA)";"30 a 34 anos";"57";"32";"25"
"Miramar - Belém (PA)";"35 a 39 anos";"32";"18";"14"
"Miramar - Belém (PA)";"40 a 44 anos";"24";"14";"10"
"Miramar - Belém (PA)";"45 a 49 anos";"27";"14";"13"
"Miramar - Belém (PA)";"50 a 54 anos";"16";"10";"6"
"Miramar - Belém (PA)";"55 a 59 anos";"12";"7";"5"
"Miramar - Belém (PA)";"60 a 69 anos";"14";"9";"5"
"Miramar - Belém (PA)";"70 anos ou mais";"6";"3";"3"
"Curió-Utinga - Belém (PA)";"Total";"8671";"4483";"4188"
"Curió-Utinga - Belém (PA)";"10 a 14 anos";"79";"50";"29"
"Curió-Utinga - Belém (PA)";"15 a 19 anos";"242";"136";"106"
"Curió-Utinga - Belém (PA)";"15 a 17 anos";"102";"58";"44"
"Curió-Utinga - Belém (PA)";"18 ou 19 anos";"140";"78";"62"
"Curió-Utinga - Belém (PA)";"20 a 24 anos";"876";"478";"398"
"Curió-Utinga - Belém (PA)";"25 a 29 anos";"1146";"622";"524"
"Curió-Utinga - Belém (PA)";"30 a 34 anos";"1061";"572";"489"
"Curió-Utinga - Belém (PA)";"35 a 39 anos";"1021";"521";"500"
"Curió-Utinga - Belém (PA)";"40 a 44 anos";"906";"473";"433"
"Curió-Utinga - Belém (PA)";"45 a 49 anos";"768";"400";"368"
"Curió-Utinga - Belém (PA)";"50 a 54 anos";"697";"366";"331"
"Curió-Utinga - Belém (PA)";"55 a 59 anos";"530";"281";"249"
"Curió-Utinga - Belém (PA)";"60 a 69 anos";"691";"306";"385"
"Curió-Utinga - Belém (PA)";"70 anos ou mais";"654";"278";"376"
"Val-de-Cães - Belém (PA)";"Total";"3642";"1987";"1655"
"Val-de-Cães - Belém (PA)";"10 a 14 anos";"32";"17";"15"
"Val-de-Cães - Belém (PA)";"15 a 19 anos";"76";"35";"41"
"Val-de-Cães - Belém (PA)";"15 a 17 anos";"28";"16";"12"
"Val-de-Cães - Belém (PA)";"18 ou 19 anos";"48";"19";"29"
"Val-de-Cães - Belém (PA)";"20 a 24 anos";"255";"137";"118"
"Val-de-Cães - Belém (PA)";"25 a 29 anos";"427";"236";"191"
"Val-de-Cães - Belém (PA)";"30 a 34 anos";"451";"236";"215"
"Val-de-Cães - Belém (PA)";"35 a 39 anos";"501";"302";"199"
"Val-de-Cães - Belém (PA)";"40 a 44 anos";"469";"288";"181"
"Val-de-Cães - Belém (PA)";"45 a 49 anos";"372";"218";"154"
"Val-de-Cães - Belém (PA)";"50 a 54 anos";"275";"135";"140"
"Val-de-Cães - Belém (PA)";"55 a 59 anos";"183";"100";"83"
"Val-de-Cães - Belém (PA)";"60 a 69 anos";"310";"145";"165"
"Val-de-Cães - Belém (PA)";"70 anos ou mais";"291";"138";"153"
"Mangueirão - Belém (PA)";"Total";"18105";"9566";"8539"
"Mangueirão - Belém (PA)";"10 a 14 anos";"160";"85";"75"
"Mangueirão - Belém (PA)";"15 a 19 anos";"614";"327";"287"
"Mangueirão - Belém (PA)";"15 a 17 anos";"233";"113";"120"
"Mangueirão - Belém (PA)";"18 ou 19 anos";"381";"214";"167"
"Mangueirão - Belém (PA)";"20 a 24 anos";"1917";"1093";"824"
"Mangueirão - Belém (PA)";"25 a 29 anos";"2501";"1359";"1142"
"Mangueirão - Belém (PA)";"30 a 34 anos";"2375";"1265";"1110"
"Mangueirão - Belém (PA)";"35 a 39 anos";"2272";"1237";"1035"
"Mangueirão - Belém (PA)";"40 a 44 anos";"2169";"1164";"1005"
"Mangueirão - Belém (PA)";"45 a 49 anos";"1793";"945";"848"
"Mangueirão - Belém (PA)";"50 a 54 anos";"1391";"745";"646"
"Mangueirão - Belém (PA)";"55 a 59 anos";"1000";"517";"483"
"Mangueirão - Belém (PA)";"60 a 69 anos";"1092";"508";"584"
"Mangueirão - Belém (PA)";"70 anos ou mais";"821";"321";"500"
"Universitário - Belém (PA)";"Total";"1054";"658";"396"
"Universitário - Belém (PA)";"10 a 14 anos";"1";"-";"1"
"Universitário - Belém (PA)";"15 a 19 anos";"32";"22";"10"
"Universitário - Belém (PA)";"15 a 17 anos";"12";"12";"-"
"Universitário - Belém (PA)";"18 ou 19 anos";"20";"10";"10"
"Universitário - Belém (PA)";"20 a 24 anos";"122";"94";"28"
"Universitário - Belém (PA)";"25 a 29 anos";"192";"120";"72"
"Universitário - Belém (PA)";"30 a 34 anos";"164";"103";"61"
"Universitário - Belém (PA)";"35 a 39 anos";"164";"93";"71"
"Universitário - Belém (PA)";"40 a 44 anos";"134";"80";"54"
"Universitário - Belém (PA)";"45 a 49 anos";"105";"62";"43"
"Universitário - Belém (PA)";"50 a 54 anos";"65";"38";"27"
"Universitário - Belém (PA)";"55 a 59 anos";"43";"27";"16"
"Universitário - Belém (PA)";"60 a 69 anos";"24";"14";"10"
"Universitário - Belém (PA)";"70 anos ou mais";"8";"5";"3"
"Castanheira - Belém (PA)";"Total";"13174";"6916";"6258"
"Castanheira - Belém (PA)";"10 a 14 anos";"102";"55";"47"
"Castanheira - Belém (PA)";"15 a 19 anos";"342";"181";"161"
"Castanheira - Belém (PA)";"15 a 17 anos";"130";"63";"67"
"Castanheira - Belém (PA)";"18 ou 19 anos";"212";"118";"94"
"Castanheira - Belém (PA)";"20 a 24 anos";"1298";"705";"593"
"Castanheira - Belém (PA)";"25 a 29 anos";"1780";"1020";"760"
"Castanheira - Belém (PA)";"30 a 34 anos";"1705";"928";"777"
"Castanheira - Belém (PA)";"35 a 39 anos";"1547";"866";"681"
"Castanheira - Belém (PA)";"40 a 44 anos";"1291";"666";"625"
"Castanheira - Belém (PA)";"45 a 49 anos";"1180";"637";"543"
"Castanheira - Belém (PA)";"50 a 54 anos";"958";"515";"443"
"Castanheira - Belém (PA)";"55 a 59 anos";"776";"387";"389"
"Castanheira - Belém (PA)";"60 a 69 anos";"1213";"558";"655"
"Castanheira - Belém (PA)";"70 anos ou mais";"982";"398";"584"
"Guanabara - Belém (PA)";"Total";"668";"384";"284"
"Guanabara - Belém (PA)";"10 a 14 anos";"6";"3";"3"
"Guanabara - Belém (PA)";"15 a 19 anos";"20";"13";"7"
"Guanabara - Belém (PA)";"15 a 17 anos";"7";"3";"4"
"Guanabara - Belém (PA)";"18 ou 19 anos";"13";"10";"3"
"Guanabara - Belém (PA)";"20 a 24 anos";"59";"38";"21"
"Guanabara - Belém (PA)";"25 a 29 anos";"114";"77";"37"
"Guanabara - Belém (PA)";"30 a 34 anos";"99";"59";"40"
"Guanabara - Belém (PA)";"35 a 39 anos";"86";"45";"41"
"Guanabara - Belém (PA)";"40 a 44 anos";"68";"42";"26"
"Guanabara - Belém (PA)";"45 a 49 anos";"33";"17";"16"
"Guanabara - Belém (PA)";"50 a 54 anos";"43";"24";"19"
"Guanabara - Belém (PA)";"55 a 59 anos";"33";"14";"19"
"Guanabara - Belém (PA)";"60 a 69 anos";"54";"32";"22"
"Guanabara - Belém (PA)";"70 anos ou mais";"53";"20";"33"
"Águas Lindas - Belém (PA)";"Total";"7738";"4388";"3350"
"Águas Lindas - Belém (PA)";"10 a 14 anos";"116";"61";"55"
"Águas Lindas - Belém (PA)";"15 a 19 anos";"338";"209";"129"
"Águas Lindas - Belém (PA)";"15 a 17 anos";"144";"79";"65"
"Águas Lindas - Belém (PA)";"18 ou 19 anos";"194";"130";"64"
"Águas Lindas - Belém (PA)";"20 a 24 anos";"871";"541";"330"
"Águas Lindas - Belém (PA)";"25 a 29 anos";"1157";"697";"460"
"Águas Lindas - Belém (PA)";"30 a 34 anos";"1184";"664";"520"
"Águas Lindas - Belém (PA)";"35 a 39 anos";"1143";"608";"535"
"Águas Lindas - Belém (PA)";"40 a 44 anos";"868";"485";"383"
"Águas Lindas - Belém (PA)";"45 a 49 anos";"643";"372";"271"
"Águas Lindas - Belém (PA)";"50 a 54 anos";"471";"261";"210"
"Águas Lindas - Belém (PA)";"55 a 59 anos";"278";"159";"119"
"Águas Lindas - Belém (PA)";"60 a 69 anos";"385";"199";"186"
"Águas Lindas - Belém (PA)";"70 anos ou mais";"284";"132";"152"
"Aurá - Belém (PA)";"Total";"878";"477";"401"
"Aurá - Belém (PA)";"10 a 14 anos";"9";"5";"4"
"Aurá - Belém (PA)";"15 a 19 anos";"44";"25";"19"
"Aurá - Belém (PA)";"15 a 17 anos";"17";"11";"6"
"Aurá - Belém (PA)";"18 ou 19 anos";"27";"14";"13"
"Aurá - Belém (PA)";"20 a 24 anos";"109";"69";"40"
"Aurá - Belém (PA)";"25 a 29 anos";"109";"64";"45"
"Aurá - Belém (PA)";"30 a 34 anos";"136";"68";"68"
"Aurá - Belém (PA)";"35 a 39 anos";"112";"53";"59"
"Aurá - Belém (PA)";"40 a 44 anos";"100";"57";"43"
"Aurá - Belém (PA)";"45 a 49 anos";"84";"45";"39"
"Aurá - Belém (PA)";"50 a 54 anos";"56";"27";"29"
"Aurá - Belém (PA)";"55 a 59 anos";"34";"21";"13"
"Aurá - Belém (PA)";"60 a 69 anos";"54";"27";"27"
"Aurá - Belém (PA)";"70 anos ou mais";"31";"16";"15"
"Bengui - Belém (PA)";"Total";"13512";"7483";"6029"
"Bengui - Belém (PA)";"10 a 14 anos";"186";"99";"87"
"Bengui - Belém (PA)";"15 a 19 anos";"477";"293";"184"
"Bengui - Belém (PA)";"15 a 17 anos";"187";"114";"73"
"Bengui - Belém (PA)";"18 ou 19 anos";"290";"179";"111"
"Bengui - Belém (PA)";"20 a 24 anos";"1376";"813";"563"
"Bengui - Belém (PA)";"25 a 29 anos";"1971";"1136";"835"
"Bengui - Belém (PA)";"30 a 34 anos";"2019";"1130";"889"
"Bengui - Belém (PA)";"35 a 39 anos";"1677";"951";"726"
"Bengui - Belém (PA)";"40 a 44 anos";"1224";"677";"547"
"Bengui - Belém (PA)";"45 a 49 anos";"1015";"579";"436"
"Bengui - Belém (PA)";"50 a 54 anos";"946";"505";"441"
"Bengui - Belém (PA)";"55 a 59 anos";"812";"443";"369"
"Bengui - Belém (PA)";"60 a 69 anos";"1102";"571";"531"
"Bengui - Belém (PA)";"70 anos ou mais";"707";"286";"421"
"Cabanagem - Belém (PA)";"Total";"12091";"6857";"5234"
"Cabanagem - Belém (PA)";"10 a 14 anos";"90";"51";"39"
"Cabanagem - Belém (PA)";"15 a 19 anos";"533";"320";"213"
"Cabanagem - Belém (PA)";"15 a 17 anos";"199";"121";"78"
"Cabanagem - Belém (PA)";"18 ou 19 anos";"334";"199";"135"
"Cabanagem - Belém (PA)";"20 a 24 anos";"1509";"973";"536"
"Cabanagem - Belém (PA)";"25 a 29 anos";"1751";"1062";"689"
"Cabanagem - Belém (PA)";"30 a 34 anos";"1597";"905";"692"
"Cabanagem - Belém (PA)";"35 a 39 anos";"1460";"766";"694"
"Cabanagem - Belém (PA)";"40 a 44 anos";"1389";"748";"641"
"Cabanagem - Belém (PA)";"45 a 49 anos";"1150";"665";"485"
"Cabanagem - Belém (PA)";"50 a 54 anos";"887";"491";"396"
"Cabanagem - Belém (PA)";"55 a 59 anos";"587";"343";"244"
"Cabanagem - Belém (PA)";"60 a 69 anos";"681";"342";"339"
"Cabanagem - Belém (PA)";"70 anos ou mais";"457";"191";"266"
"Coqueiro - Belém (PA)";"Total";"25857";"13537";"12320"
"Coqueiro - Belém (PA)";"10 a 14 anos";"198";"96";"102"
"Coqueiro - Belém (PA)";"15 a 19 anos";"675";"376";"299"
"Coqueiro - Belém (PA)";"15 a 17 anos";"248";"134";"114"
"Coqueiro - Belém (PA)";"18 ou 19 anos";"427";"242";"185"
"Coqueiro - Belém (PA)";"20 a 24 anos";"2451";"1347";"1104"
"Coqueiro - Belém (PA)";"25 a 29 anos";"3440";"1867";"1573"
"Coqueiro - Belém (PA)";"30 a 34 anos";"3570";"1928";"1642"
"Coqueiro - Belém (PA)";"35 a 39 anos";"3297";"1767";"1530"
"Coqueiro - Belém (PA)";"40 a 44 anos";"2851";"1490";"1361"
"Coqueiro - Belém (PA)";"45 a 49 anos";"2455";"1319";"1136"
"Coqueiro - Belém (PA)";"50 a 54 anos";"1990";"1003";"987"
"Coqueiro - Belém (PA)";"55 a 59 anos";"1535";"805";"730"
"Coqueiro - Belém (PA)";"60 a 69 anos";"2035";"1001";"1034"
"Coqueiro - Belém (PA)";"70 anos ou mais";"1360";"538";"822"
"Parque Verde - Belém (PA)";"Total";"18723";"10048";"8675"
"Parque Verde - Belém (PA)";"10 a 14 anos";"187";"86";"101"
"Parque Verde - Belém (PA)";"15 a 19 anos";"580";"320";"260"
"Parque Verde - Belém (PA)";"15 a 17 anos";"232";"114";"118"
"Parque Verde - Belém (PA)";"18 ou 19 anos";"348";"206";"142"
"Parque Verde - Belém (PA)";"20 a 24 anos";"1896";"1104";"792"
"Parque Verde - Belém (PA)";"25 a 29 anos";"2603";"1437";"1166"
"Parque Verde - Belém (PA)";"30 a 34 anos";"2629";"1435";"1194"
"Parque Verde - Belém (PA)";"35 a 39 anos";"2534";"1360";"1174"
"Parque Verde - Belém (PA)";"40 a 44 anos";"2202";"1220";"982"
"Parque Verde - Belém (PA)";"45 a 49 anos";"1815";"975";"840"
"Parque Verde - Belém (PA)";"50 a 54 anos";"1404";"748";"656"
"Parque Verde - Belém (PA)";"55 a 59 anos";"952";"512";"440"
"Parque Verde - Belém (PA)";"60 a 69 anos";"1193";"573";"620"
"Parque Verde - Belém (PA)";"70 anos ou mais";"728";"278";"450"
"Pratinha - Belém (PA)";"Total";"9689";"5553";"4136"
"Pratinha - Belém (PA)";"10 a 14 anos";"158";"85";"73"
"Pratinha - Belém (PA)";"15 a 19 anos";"401";"250";"151"
"Pratinha - Belém (PA)";"15 a 17 anos";"167";"100";"67"
"Pratinha - Belém (PA)";"18 ou 19 anos";"234";"150";"84"
"Pratinha - Belém (PA)";"20 a 24 anos";"1085";"665";"420"
"Pratinha - Belém (PA)";"25 a 29 anos";"1319";"757";"562"
"Pratinha - Belém (PA)";"30 a 34 anos";"1393";"805";"588"
"Pratinha - Belém (PA)";"35 a 39 anos";"1353";"759";"594"
"Pratinha - Belém (PA)";"40 a 44 anos";"1141";"657";"484"
"Pratinha - Belém (PA)";"45 a 49 anos";"867";"490";"377"
"Pratinha - Belém (PA)";"50 a 54 anos";"579";"348";"231"
"Pratinha - Belém (PA)";"55 a 59 anos";"437";"254";"183"
"Pratinha - Belém (PA)";"60 a 69 anos";"561";"292";"269"
"Pratinha - Belém (PA)";"70 anos ou mais";"395";"191";"204"
"São Clemente - Belém (PA)";"Total";"3138";"1944";"1194"
"São Clemente - Belém (PA)";"10 a 14 anos";"30";"13";"17"
"São Clemente - Belém (PA)";"15 a 19 anos";"106";"75";"31"
"São Clemente - Belém (PA)";"15 a 17 anos";"38";"29";"9"
"São Clemente - Belém (PA)";"18 ou 19 anos";"68";"46";"22"
"São Clemente - Belém (PA)";"20 a 24 anos";"405";"275";"130"
"São Clemente - Belém (PA)";"25 a 29 anos";"478";"301";"177"
"São Clemente - Belém (PA)";"30 a 34 anos";"488";"291";"197"
"São Clemente - Belém (PA)";"35 a 39 anos";"508";"294";"214"
"São Clemente - Belém (PA)";"40 a 44 anos";"471";"306";"165"
"São Clemente - Belém (PA)";"45 a 49 anos";"222";"145";"77"
"São Clemente - Belém (PA)";"50 a 54 anos";"138";"88";"50"
"São Clemente - Belém (PA)";"55 a 59 anos";"98";"58";"40"
"São Clemente - Belém (PA)";"60 a 69 anos";"109";"54";"55"
"São Clemente - Belém (PA)";"70 anos ou mais";"85";"44";"41"
"Tapanã - Belém (PA)";"Total";"29915";"16784";"13131"
"Tapanã - Belém (PA)";"10 a 14 anos";"413";"209";"204"
"Tapanã - Belém (PA)";"15 a 19 anos";"1190";"709";"481"
"Tapanã - Belém (PA)";"15 a 17 anos";"489";"277";"212"
"Tapanã - Belém (PA)";"18 ou 19 anos";"701";"432";"269"
"Tapanã - Belém (PA)";"20 a 24 anos";"3185";"1963";"1222"
"Tapanã - Belém (PA)";"25 a 29 anos";"4092";"2419";"1673"
"Tapanã - Belém (PA)";"30 a 34 anos";"4327";"2390";"1937"
"Tapanã - Belém (PA)";"35 a 39 anos";"3935";"2211";"1724"
"Tapanã - Belém (PA)";"40 a 44 anos";"3335";"1873";"1462"
"Tapanã - Belém (PA)";"45 a 49 anos";"2669";"1542";"1127"
"Tapanã - Belém (PA)";"50 a 54 anos";"2150";"1191";"959"
"Tapanã - Belém (PA)";"55 a 59 anos";"1491";"833";"658"
"Tapanã - Belém (PA)";"60 a 69 anos";"1877";"943";"934"
"Tapanã - Belém (PA)";"70 anos ou mais";"1251";"501";"750"
"Una - Belém (PA)";"Total";"2936";"1691";"1245"
"Una - Belém (PA)";"10 a 14 anos";"25";"14";"11"
"Una - Belém (PA)";"15 a 19 anos";"85";"45";"40"
"Una - Belém (PA)";"15 a 17 anos";"30";"19";"11"
"Una - Belém (PA)";"18 ou 19 anos";"55";"26";"29"
"Una - Belém (PA)";"20 a 24 anos";"314";"208";"106"
"Una - Belém (PA)";"25 a 29 anos";"470";"279";"191"
"Una - Belém (PA)";"30 a 34 anos";"473";"273";"200"
"Una - Belém (PA)";"35 a 39 anos";"398";"231";"167"
"Una - Belém (PA)";"40 a 44 anos";"337";"202";"135"
"Una - Belém (PA)";"45 a 49 anos";"213";"121";"92"
"Una - Belém (PA)";"50 a 54 anos";"205";"111";"94"
"Una - Belém (PA)";"55 a 59 anos";"123";"70";"53"
"Una - Belém (PA)";"60 a 69 anos";"165";"82";"83"
"Una - Belém (PA)";"70 anos ou mais";"128";"55";"73"
"Águas Negras - Belém (PA)";"Total";"3318";"1848";"1470"
"Águas Negras - Belém (PA)";"10 a 14 anos";"48";"17";"31"
"Águas Negras - Belém (PA)";"15 a 19 anos";"123";"71";"52"
"Águas Negras - Belém (PA)";"15 a 17 anos";"50";"23";"27"
"Águas Negras - Belém (PA)";"18 ou 19 anos";"73";"48";"25"
"Águas Negras - Belém (PA)";"20 a 24 anos";"351";"224";"127"
"Águas Negras - Belém (PA)";"25 a 29 anos";"498";"291";"207"
"Águas Negras - Belém (PA)";"30 a 34 anos";"493";"295";"198"
"Águas Negras - Belém (PA)";"35 a 39 anos";"385";"201";"184"
"Águas Negras - Belém (PA)";"40 a 44 anos";"363";"192";"171"
"Águas Negras - Belém (PA)";"45 a 49 anos";"278";"171";"107"
"Águas Negras - Belém (PA)";"50 a 54 anos";"228";"134";"94"
"Águas Negras - Belém (PA)";"55 a 59 anos";"161";"78";"83"
"Águas Negras - Belém (PA)";"60 a 69 anos";"234";"110";"124"
"Águas Negras - Belém (PA)";"70 anos ou mais";"156";"64";"92"
"Agulha - Belém (PA)";"Total";"9298";"5222";"4076"
"Agulha - Belém (PA)";"10 a 14 anos";"116";"57";"59"
"Agulha - Belém (PA)";"15 a 19 anos";"361";"207";"154"
"Agulha - Belém (PA)";"15 a 17 anos";"139";"80";"59"
"Agulha - Belém (PA)";"18 ou 19 anos";"222";"127";"95"
"Agulha - Belém (PA)";"20 a 24 anos";"978";"609";"369"
"Agulha - Belém (PA)";"25 a 29 anos";"1230";"742";"488"
"Agulha - Belém (PA)";"30 a 34 anos";"1240";"711";"529"
"Agulha - Belém (PA)";"35 a 39 anos";"1108";"620";"488"
"Agulha - Belém (PA)";"40 a 44 anos";"996";"572";"424"
"Agulha - Belém (PA)";"45 a 49 anos";"822";"453";"369"
"Agulha - Belém (PA)";"50 a 54 anos";"726";"395";"331"
"Agulha - Belém (PA)";"55 a 59 anos";"562";"307";"255"
"Agulha - Belém (PA)";"60 a 69 anos";"666";"337";"329"
"Agulha - Belém (PA)";"70 anos ou mais";"493";"212";"281"
"Campina de Icoaraci - Belém (PA)";"Total";"12937";"7064";"5873"
"Campina de Icoaraci - Belém (PA)";"10 a 14 anos";"179";"101";"78"
"Campina de Icoaraci - Belém (PA)";"15 a 19 anos";"415";"247";"168"
"Campina de Icoaraci - Belém (PA)";"15 a 17 anos";"160";"91";"69"
"Campina de Icoaraci - Belém (PA)";"18 ou 19 anos";"255";"156";"99"
"Campina de Icoaraci - Belém (PA)";"20 a 24 anos";"1218";"733";"485"
"Campina de Icoaraci - Belém (PA)";"25 a 29 anos";"1698";"980";"718"
"Campina de Icoaraci - Belém (PA)";"30 a 34 anos";"1663";"931";"732"
"Campina de Icoaraci - Belém (PA)";"35 a 39 anos";"1529";"858";"671"
"Campina de Icoaraci - Belém (PA)";"40 a 44 anos";"1302";"700";"602"
"Campina de Icoaraci - Belém (PA)";"45 a 49 anos";"1073";"587";"486"
"Campina de Icoaraci - Belém (PA)";"50 a 54 anos";"994";"575";"419"
"Campina de Icoaraci - Belém (PA)";"55 a 59 anos";"827";"446";"381"
"Campina de Icoaraci - Belém (PA)";"60 a 69 anos";"1151";"565";"586"
"Campina de Icoaraci - Belém (PA)";"70 anos ou mais";"888";"341";"547"
"Cruzeiro - Belém (PA)";"Total";"5967";"3227";"2740"
"Cruzeiro - Belém (PA)";"10 a 14 anos";"68";"35";"33"
"Cruzeiro - Belém (PA)";"15 a 19 anos";"162";"92";"70"
"Cruzeiro - Belém (PA)";"15 a 17 anos";"58";"33";"25"
"Cruzeiro - Belém (PA)";"18 ou 19 anos";"104";"59";"45"
"Cruzeiro - Belém (PA)";"20 a 24 anos";"551";"365";"186"
"Cruzeiro - Belém (PA)";"25 a 29 anos";"768";"439";"329"
"Cruzeiro - Belém (PA)";"30 a 34 anos";"702";"404";"298"
"Cruzeiro - Belém (PA)";"35 a 39 anos";"698";"371";"327"
"Cruzeiro - Belém (PA)";"40 a 44 anos";"616";"337";"279"
"Cruzeiro - Belém (PA)";"45 a 49 anos";"554";"305";"249"
"Cruzeiro - Belém (PA)";"50 a 54 anos";"454";"247";"207"
"Cruzeiro - Belém (PA)";"55 a 59 anos";"360";"179";"181"
"Cruzeiro - Belém (PA)";"60 a 69 anos";"537";"260";"277"
"Cruzeiro - Belém (PA)";"70 anos ou mais";"497";"193";"304"
"Maracacuera - Belém (PA)";"Total";"6112";"3617";"2495"
"Maracacuera - Belém (PA)";"10 a 14 anos";"84";"45";"39"
"Maracacuera - Belém (PA)";"15 a 19 anos";"300";"209";"91"
"Maracacuera - Belém (PA)";"15 a 17 anos";"126";"86";"40"
"Maracacuera - Belém (PA)";"18 ou 19 anos";"174";"123";"51"
"Maracacuera - Belém (PA)";"20 a 24 anos";"739";"483";"256"
"Maracacuera - Belém (PA)";"25 a 29 anos";"886";"528";"358"
"Maracacuera - Belém (PA)";"30 a 34 anos";"920";"523";"397"
"Maracacuera - Belém (PA)";"35 a 39 anos";"816";"485";"331"
"Maracacuera - Belém (PA)";"40 a 44 anos";"719";"406";"313"
"Maracacuera - Belém (PA)";"45 a 49 anos";"519";"293";"226"
"Maracacuera - Belém (PA)";"50 a 54 anos";"384";"232";"152"
"Maracacuera - Belém (PA)";"55 a 59 anos";"243";"149";"94"
"Maracacuera - Belém (PA)";"60 a 69 anos";"300";"171";"129"
"Maracacuera - Belém (PA)";"70 anos ou mais";"202";"93";"109"
"Paracuri - Belém (PA)";"Total";"3870";"2200";"1670"
"Paracuri - Belém (PA)";"10 a 14 anos";"65";"31";"34"
"Paracuri - Belém (PA)";"15 a 19 anos";"175";"102";"73"
"Paracuri - Belém (PA)";"15 a 17 anos";"71";"37";"34"
"Paracuri - Belém (PA)";"18 ou 19 anos";"104";"65";"39"
"Paracuri - Belém (PA)";"20 a 24 anos";"434";"290";"144"
"Paracuri - Belém (PA)";"25 a 29 anos";"519";"298";"221"
"Paracuri - Belém (PA)";"30 a 34 anos";"595";"326";"269"
"Paracuri - Belém (PA)";"35 a 39 anos";"507";"276";"231"
"Paracuri - Belém (PA)";"40 a 44 anos";"459";"255";"204"
"Paracuri - Belém (PA)";"45 a 49 anos";"327";"190";"137"
"Paracuri - Belém (PA)";"50 a 54 anos";"248";"152";"96"
"Paracuri - Belém (PA)";"55 a 59 anos";"172";"96";"76"
"Paracuri - Belém (PA)";"60 a 69 anos";"227";"116";"111"
"Paracuri - Belém (PA)";"70 anos ou mais";"142";"68";"74"
"Parque Guajará - Belém (PA)";"Total";"14953";"8302";"6651"
"Parque Guajará - Belém (PA)";"10 a 14 anos";"231";"128";"103"
"Parque Guajará - Belém (PA)";"15 a 19 anos";"655";"400";"255"
"Parque Guajará - Belém (PA)";"15 a 17 anos";"279";"172";"107"
"Parque Guajará - Belém (PA)";"18 ou 19 anos";"376";"228";"148"
"Parque Guajará - Belém (PA)";"20 a 24 anos";"1590";"967";"623"
"Parque Guajará - Belém (PA)";"25 a 29 anos";"1982";"1141";"841"
"Parque Guajará - Belém (PA)";"30 a 34 anos";"2360";"1316";"1044"
"Parque Guajará - Belém (PA)";"35 a 39 anos";"2215";"1179";"1036"
"Parque Guajará - Belém (PA)";"40 a 44 anos";"1802";"1005";"797"
"Parque Guajará - Belém (PA)";"45 a 49 anos";"1283";"711";"572"
"Parque Guajará - Belém (PA)";"50 a 54 anos";"964";"535";"429"
"Parque Guajará - Belém (PA)";"55 a 59 anos";"635";"328";"307"
"Parque Guajará - Belém (PA)";"60 a 69 anos";"738";"379";"359"
"Parque Guajará - Belém (PA)";"70 anos ou mais";"498";"213";"285"
"Ponta Grossa - Belém (PA)";"Total";"6694";"3597";"3097"
"Ponta Grossa - Belém (PA)";"10 a 14 anos";"56";"28";"28"
"Ponta Grossa - Belém (PA)";"15 a 19 anos";"188";"115";"73"
"Ponta Grossa - Belém (PA)";"15 a 17 anos";"72";"46";"26"
"Ponta Grossa - Belém (PA)";"18 ou 19 anos";"116";"69";"47"
"Ponta Grossa - Belém (PA)";"20 a 24 anos";"625";"364";"261"
"Ponta Grossa - Belém (PA)";"25 a 29 anos";"823";"458";"365"
"Ponta Grossa - Belém (PA)";"30 a 34 anos";"825";"451";"374"
"Ponta Grossa - Belém (PA)";"35 a 39 anos";"772";"435";"337"
"Ponta Grossa - Belém (PA)";"40 a 44 anos";"727";"407";"320"
"Ponta Grossa - Belém (PA)";"45 a 49 anos";"645";"369";"276"
"Ponta Grossa - Belém (PA)";"50 a 54 anos";"553";"275";"278"
"Ponta Grossa - Belém (PA)";"55 a 59 anos";"427";"236";"191"
"Ponta Grossa - Belém (PA)";"60 a 69 anos";"557";"279";"278"
"Ponta Grossa - Belém (PA)";"70 anos ou mais";"496";"180";"316"
"Tenoné - Belém (PA)";"Total";"13199";"7333";"5866"
"Tenoné - Belém (PA)";"10 a 14 anos";"189";"95";"94"
"Tenoné - Belém (PA)";"15 a 19 anos";"517";"312";"205"
"Tenoné - Belém (PA)";"15 a 17 anos";"242";"137";"105"
"Tenoné - Belém (PA)";"18 ou 19 anos";"275";"175";"100"
"Tenoné - Belém (PA)";"20 a 24 anos";"1460";"897";"563"
"Tenoné - Belém (PA)";"25 a 29 anos";"1772";"993";"779"
"Tenoné - Belém (PA)";"30 a 34 anos";"2082";"1121";"961"
"Tenoné - Belém (PA)";"35 a 39 anos";"1914";"1085";"829"
"Tenoné - Belém (PA)";"40 a 44 anos";"1658";"882";"776"
"Tenoné - Belém (PA)";"45 a 49 anos";"1187";"645";"542"
"Tenoné - Belém (PA)";"50 a 54 anos";"850";"484";"366"
"Tenoné - Belém (PA)";"55 a 59 anos";"552";"325";"227"
"Tenoné - Belém (PA)";"60 a 69 anos";"614";"316";"298"
"Tenoné - Belém (PA)";"70 anos ou mais";"404";"178";"226"
"São João do Outeiro - Belém (PA)";"Total";"5582";"3182";"2400"
"São João do Outeiro - Belém (PA)";"10 a 14 anos";"107";"54";"53"
"São João do Outeiro - Belém (PA)";"15 a 19 anos";"215";"127";"88"
"São João do Outeiro - Belém (PA)";"15 a 17 anos";"100";"57";"43"
"São João do Outeiro - Belém (PA)";"18 ou 19 anos";"115";"70";"45"
"São João do Outeiro - Belém (PA)";"20 a 24 anos";"511";"329";"182"
"São João do Outeiro - Belém (PA)";"25 a 29 anos";"672";"376";"296"
"São João do Outeiro - Belém (PA)";"30 a 34 anos";"730";"384";"346"
"São João do Outeiro - Belém (PA)";"35 a 39 anos";"702";"375";"327"
"São João do Outeiro - Belém (PA)";"40 a 44 anos";"576";"336";"240"
"São João do Outeiro - Belém (PA)";"45 a 49 anos";"491";"296";"195"
"São João do Outeiro - Belém (PA)";"50 a 54 anos";"426";"263";"163"
"São João do Outeiro - Belém (PA)";"55 a 59 anos";"338";"193";"145"
"São João do Outeiro - Belém (PA)";"60 a 69 anos";"493";"277";"216"
"São João do Outeiro - Belém (PA)";"70 anos ou mais";"321";"172";"149"
"Itaiteua - Belém (PA)";"Total";"1005";"556";"449"
"Itaiteua - Belém (PA)";"10 a 14 anos";"54";"30";"24"
"Itaiteua - Belém (PA)";"15 a 19 anos";"57";"36";"21"
"Itaiteua - Belém (PA)";"15 a 17 anos";"27";"14";"13"
"Itaiteua - Belém (PA)";"18 ou 19 anos";"30";"22";"8"
"Itaiteua - Belém (PA)";"20 a 24 anos";"116";"64";"52"
"Itaiteua - Belém (PA)";"25 a 29 anos";"134";"68";"66"
"Itaiteua - Belém (PA)";"30 a 34 anos";"110";"65";"45"
"Itaiteua - Belém (PA)";"35 a 39 anos";"113";"64";"49"
"Itaiteua - Belém (PA)";"40 a 44 anos";"94";"52";"42"
"Itaiteua - Belém (PA)";"45 a 49 anos";"86";"50";"36"
"Itaiteua - Belém (PA)";"50 a 54 anos";"72";"40";"32"
"Itaiteua - Belém (PA)";"55 a 59 anos";"37";"20";"17"
"Itaiteua - Belém (PA)";"60 a 69 anos";"74";"35";"39"
"Itaiteua - Belém (PA)";"70 anos ou mais";"58";"32";"26"
"Brasília - Belém (PA)";"Total";"2265";"1363";"902"
"Brasília - Belém (PA)";"10 a 14 anos";"21";"14";"7"
"Brasília - Belém (PA)";"15 a 19 anos";"92";"58";"34"
"Brasília - Belém (PA)";"15 a 17 anos";"35";"23";"12"
"Brasília - Belém (PA)";"18 ou 19 anos";"57";"35";"22"
"Brasília - Belém (PA)";"20 a 24 anos";"229";"152";"77"
"Brasília - Belém (PA)";"25 a 29 anos";"319";"203";"116"
"Brasília - Belém (PA)";"30 a 34 anos";"305";"181";"124"
"Brasília - Belém (PA)";"35 a 39 anos";"244";"151";"93"
"Brasília - Belém (PA)";"40 a 44 anos";"275";"174";"101"
"Brasília - Belém (PA)";"45 a 49 anos";"192";"114";"78"
"Brasília - Belém (PA)";"50 a 54 anos";"153";"98";"55"
"Brasília - Belém (PA)";"55 a 59 anos";"123";"71";"52"
"Brasília - Belém (PA)";"60 a 69 anos";"170";"77";"93"
"Brasília - Belém (PA)";"70 anos ou mais";"142";"70";"72"
"Água Boa - Belém (PA)";"Total";"3920";"2152";"1768"
"Água Boa - Belém (PA)";"10 a 14 anos";"65";"29";"36"
"Água Boa - Belém (PA)";"15 a 19 anos";"159";"85";"74"
"Água Boa - Belém (PA)";"15 a 17 anos";"77";"38";"39"
"Água Boa - Belém (PA)";"18 ou 19 anos";"82";"47";"35"
"Água Boa - Belém (PA)";"20 a 24 anos";"408";"254";"154"
"Água Boa - Belém (PA)";"25 a 29 anos";"472";"263";"209"
"Água Boa - Belém (PA)";"30 a 34 anos";"490";"261";"229"
"Água Boa - Belém (PA)";"35 a 39 anos";"482";"237";"245"
"Água Boa - Belém (PA)";"40 a 44 anos";"439";"236";"203"
"Água Boa - Belém (PA)";"45 a 49 anos";"350";"204";"146"
"Água Boa - Belém (PA)";"50 a 54 anos";"285";"167";"118"
"Água Boa - Belém (PA)";"55 a 59 anos";"221";"128";"93"
"Água Boa - Belém (PA)";"60 a 69 anos";"336";"181";"155"
"Água Boa - Belém (PA)";"70 anos ou mais";"213";"107";"106"
"Aeroporto - Belém (PA)";"Total";"571";"302";"269"
"Aeroporto - Belém (PA)";"10 a 14 anos";"6";"5";"1"
"Aeroporto - Belém (PA)";"15 a 19 anos";"20";"10";"10"
"Aeroporto - Belém (PA)";"15 a 17 anos";"13";"6";"7"
"Aeroporto - Belém (PA)";"18 ou 19 anos";"7";"4";"3"
"Aeroporto - Belém (PA)";"20 a 24 anos";"45";"30";"15"
"Aeroporto - Belém (PA)";"25 a 29 anos";"56";"29";"27"
"Aeroporto - Belém (PA)";"30 a 34 anos";"78";"40";"38"
"Aeroporto - Belém (PA)";"35 a 39 anos";"63";"36";"27"
"Aeroporto - Belém (PA)";"40 a 44 anos";"62";"33";"29"
"Aeroporto - Belém (PA)";"45 a 49 anos";"52";"29";"23"
"Aeroporto - Belém (PA)";"50 a 54 anos";"43";"19";"24"
"Aeroporto - Belém (PA)";"55 a 59 anos";"38";"19";"19"
"Aeroporto - Belém (PA)";"60 a 69 anos";"63";"31";"32"
"Aeroporto - Belém (PA)";"70 anos ou mais";"45";"21";"24"
"Arirambá - Belém (PA)";"Total";"610";"364";"246"
"Arirambá - Belém (PA)";"10 a 14 anos";"17";"8";"9"
"Arirambá - Belém (PA)";"15 a 19 anos";"27";"11";"16"
"Arirambá - Belém (PA)";"15 a 17 anos";"14";"10";"4"
"Arirambá - Belém (PA)";"18 ou 19 anos";"13";"1";"12"
"Arirambá - Belém (PA)";"20 a 24 anos";"37";"24";"13"
"Arirambá - Belém (PA)";"25 a 29 anos";"79";"50";"29"
"Arirambá - Belém (PA)";"30 a 34 anos";"63";"40";"23"
"Arirambá - Belém (PA)";"35 a 39 anos";"87";"46";"41"
"Arirambá - Belém (PA)";"40 a 44 anos";"66";"42";"24"
"Arirambá - Belém (PA)";"45 a 49 anos";"54";"32";"22"
"Arirambá - Belém (PA)";"50 a 54 anos";"53";"33";"20"
"Arirambá - Belém (PA)";"55 a 59 anos";"42";"25";"17"
"Arirambá - Belém (PA)";"60 a 69 anos";"58";"38";"20"
"Arirambá - Belém (PA)";"70 anos ou mais";"27";"15";"12"
"Carananduba - Belém (PA)";"Total";"2405";"1312";"1093"
"Carananduba - Belém (PA)";"10 a 14 anos";"40";"24";"16"
"Carananduba - Belém (PA)";"15 a 19 anos";"129";"75";"54"
"Carananduba - Belém (PA)";"15 a 17 anos";"59";"29";"30"
"Carananduba - Belém (PA)";"18 ou 19 anos";"70";"46";"24"
"Carananduba - Belém (PA)";"20 a 24 anos";"247";"150";"97"
"Carananduba - Belém (PA)";"25 a 29 anos";"291";"161";"130"
"Carananduba - Belém (PA)";"30 a 34 anos";"317";"157";"160"
"Carananduba - Belém (PA)";"35 a 39 anos";"304";"164";"140"
"Carananduba - Belém (PA)";"40 a 44 anos";"231";"133";"98"
"Carananduba - Belém (PA)";"45 a 49 anos";"192";"100";"92"
"Carananduba - Belém (PA)";"50 a 54 anos";"146";"78";"68"
"Carananduba - Belém (PA)";"55 a 59 anos";"122";"69";"53"
"Carananduba - Belém (PA)";"60 a 69 anos";"207";"110";"97"
"Carananduba - Belém (PA)";"70 anos ou mais";"179";"91";"88"
"Caruara - Belém (PA)";"Total";"363";"209";"154"
"Caruara - Belém (PA)";"10 a 14 anos";"14";"10";"4"
"Caruara - Belém (PA)";"15 a 19 anos";"24";"16";"8"
"Caruara - Belém (PA)";"15 a 17 anos";"11";"6";"5"
"Caruara - Belém (PA)";"18 ou 19 anos";"13";"10";"3"
"Caruara - Belém (PA)";"20 a 24 anos";"32";"18";"14"
"Caruara - Belém (PA)";"25 a 29 anos";"67";"31";"36"
"Caruara - Belém (PA)";"30 a 34 anos";"28";"22";"6"
"Caruara - Belém (PA)";"35 a 39 anos";"50";"28";"22"
"Caruara - Belém (PA)";"40 a 44 anos";"27";"13";"14"
"Caruara - Belém (PA)";"45 a 49 anos";"38";"20";"18"
"Caruara - Belém (PA)";"50 a 54 anos";"19";"10";"9"
"Caruara - Belém (PA)";"55 a 59 anos";"20";"14";"6"
"Caruara - Belém (PA)";"60 a 69 anos";"30";"20";"10"
"Caruara - Belém (PA)";"70 anos ou mais";"14";"7";"7"
"Farol - Belém (PA)";"Total";"418";"230";"188"
"Farol - Belém (PA)";"10 a 14 anos";"6";"4";"2"
"Farol - Belém (PA)";"15 a 19 anos";"12";"7";"5"
"Farol - Belém (PA)";"15 a 17 anos";"6";"3";"3"
"Farol - Belém (PA)";"18 ou 19 anos";"6";"4";"2"
"Farol - Belém (PA)";"20 a 24 anos";"32";"18";"14"
"Farol - Belém (PA)";"25 a 29 anos";"49";"29";"20"
"Farol - Belém (PA)";"30 a 34 anos";"47";"23";"24"
"Farol - Belém (PA)";"35 a 39 anos";"53";"26";"27"
"Farol - Belém (PA)";"40 a 44 anos";"51";"31";"20"
"Farol - Belém (PA)";"45 a 49 anos";"36";"22";"14"
"Farol - Belém (PA)";"50 a 54 anos";"18";"8";"10"
"Farol - Belém (PA)";"55 a 59 anos";"22";"13";"9"
"Farol - Belém (PA)";"60 a 69 anos";"48";"21";"27"
"Farol - Belém (PA)";"70 anos ou mais";"44";"28";"16"
"Mangueiras - Belém (PA)";"Total";"1270";"685";"585"
"Mangueiras - Belém (PA)";"10 a 14 anos";"25";"14";"11"
"Mangueiras - Belém (PA)";"15 a 19 anos";"65";"40";"25"
"Mangueiras - Belém (PA)";"15 a 17 anos";"33";"20";"13"
"Mangueiras - Belém (PA)";"18 ou 19 anos";"32";"20";"12"
"Mangueiras - Belém (PA)";"20 a 24 anos";"113";"63";"50"
"Mangueiras - Belém (PA)";"25 a 29 anos";"149";"83";"66"
"Mangueiras - Belém (PA)";"30 a 34 anos";"157";"88";"69"
"Mangueiras - Belém (PA)";"35 a 39 anos";"177";"85";"92"
"Mangueiras - Belém (PA)";"40 a 44 anos";"127";"69";"58"
"Mangueiras - Belém (PA)";"45 a 49 anos";"103";"54";"49"
"Mangueiras - Belém (PA)";"50 a 54 anos";"73";"42";"31"
"Mangueiras - Belém (PA)";"55 a 59 anos";"68";"39";"29"
"Mangueiras - Belém (PA)";"60 a 69 anos";"116";"67";"49"
"Mangueiras - Belém (PA)";"70 anos ou mais";"97";"41";"56"
"Maracajá - Belém (PA)";"Total";"1560";"816";"744"
"Maracajá - Belém (PA)";"10 a 14 anos";"10";"3";"7"
"Maracajá - Belém (PA)";"15 a 19 anos";"45";"24";"21"
"Maracajá - Belém (PA)";"15 a 17 anos";"21";"13";"8"
"Maracajá - Belém (PA)";"18 ou 19 anos";"24";"11";"13"
"Maracajá - Belém (PA)";"20 a 24 anos";"131";"74";"57"
"Maracajá - Belém (PA)";"25 a 29 anos";"196";"114";"82"
"Maracajá - Belém (PA)";"30 a 34 anos";"176";"98";"78"
"Maracajá - Belém (PA)";"35 a 39 anos";"195";"95";"100"
"Maracajá - Belém (PA)";"40 a 44 anos";"188";"107";"81"
"Maracajá - Belém (PA)";"45 a 49 anos";"168";"90";"78"
"Maracajá - Belém (PA)";"50 a 54 anos";"96";"51";"45"
"Maracajá - Belém (PA)";"55 a 59 anos";"88";"40";"48"
"Maracajá - Belém (PA)";"60 a 69 anos";"143";"65";"78"
"Maracajá - Belém (PA)";"70 anos ou mais";"124";"55";"69"
"Natal do Murubira - Belém (PA)";"Total";"429";"219";"210"
"Natal do Murubira - Belém (PA)";"10 a 14 anos";"13";"6";"7"
"Natal do Murubira - Belém (PA)";"15 a 19 anos";"15";"8";"7"
"Natal do Murubira - Belém (PA)";"15 a 17 anos";"5";"1";"4"
"Natal do Murubira - Belém (PA)";"18 ou 19 anos";"10";"7";"3"
"Natal do Murubira - Belém (PA)";"20 a 24 anos";"44";"24";"20"
"Natal do Murubira - Belém (PA)";"25 a 29 anos";"51";"29";"22"
"Natal do Murubira - Belém (PA)";"30 a 34 anos";"37";"18";"19"
"Natal do Murubira - Belém (PA)";"35 a 39 anos";"58";"30";"28"
"Natal do Murubira - Belém (PA)";"40 a 44 anos";"46";"26";"20"
"Natal do Murubira - Belém (PA)";"45 a 49 anos";"31";"17";"14"
"Natal do Murubira - Belém (PA)";"50 a 54 anos";"23";"10";"13"
"Natal do Murubira - Belém (PA)";"55 a 59 anos";"22";"11";"11"
"Natal do Murubira - Belém (PA)";"60 a 69 anos";"49";"24";"25"
"Natal do Murubira - Belém (PA)";"70 anos ou mais";"40";"16";"24"
"Porto Arthur - Belém (PA)";"Total";"127";"80";"47"
"Porto Arthur - Belém (PA)";"10 a 14 anos";"1";"1";"-"
"Porto Arthur - Belém (PA)";"15 a 19 anos";"3";"3";"-"
"Porto Arthur - Belém (PA)";"15 a 17 anos";"1";"1";"-"
"Porto Arthur - Belém (PA)";"18 ou 19 anos";"2";"2";"-"
"Porto Arthur - Belém (PA)";"20 a 24 anos";"6";"4";"2"
"Porto Arthur - Belém (PA)";"25 a 29 anos";"19";"11";"8"
"Porto Arthur - Belém (PA)";"30 a 34 anos";"15";"11";"4"
"Porto Arthur - Belém (PA)";"35 a 39 anos";"9";"5";"4"
"Porto Arthur - Belém (PA)";"40 a 44 anos";"17";"12";"5"
"Porto Arthur - Belém (PA)";"45 a 49 anos";"10";"5";"5"
"Porto Arthur - Belém (PA)";"50 a 54 anos";"11";"7";"4"
"Porto Arthur - Belém (PA)";"55 a 59 anos";"10";"7";"3"
"Porto Arthur - Belém (PA)";"60 a 69 anos";"17";"9";"8"
"Porto Arthur - Belém (PA)";"70 anos ou mais";"9";"5";"4"
"São Francisco - Belém (PA)";"Total";"838";"466";"372"
"São Francisco - Belém (PA)";"10 a 14 anos";"6";"4";"2"
"São Francisco - Belém (PA)";"15 a 19 anos";"37";"19";"18"
"São Francisco - Belém (PA)";"15 a 17 anos";"13";"3";"10"
"São Francisco - Belém (PA)";"18 ou 19 anos";"24";"16";"8"
"São Francisco - Belém (PA)";"20 a 24 anos";"73";"47";"26"
"São Francisco - Belém (PA)";"25 a 29 anos";"107";"59";"48"
"São Francisco - Belém (PA)";"30 a 34 anos";"118";"56";"62"
"São Francisco - Belém (PA)";"35 a 39 anos";"102";"61";"41"
"São Francisco - Belém (PA)";"40 a 44 anos";"65";"46";"19"
"São Francisco - Belém (PA)";"45 a 49 anos";"68";"35";"33"
"São Francisco - Belém (PA)";"50 a 54 anos";"76";"42";"34"
"São Francisco - Belém (PA)";"55 a 59 anos";"53";"31";"22"
"São Francisco - Belém (PA)";"60 a 69 anos";"71";"37";"34"
"São Francisco - Belém (PA)";"70 anos ou mais";"62";"29";"33"
"Sucurijuquara - Belém (PA)";"Total";"384";"220";"164"
"Sucurijuquara - Belém (PA)";"10 a 14 anos";"2";"2";"-"
"Sucurijuquara - Belém (PA)";"15 a 19 anos";"20";"15";"5"
"Sucurijuquara - Belém (PA)";"15 a 17 anos";"4";"4";"-"
"Sucurijuquara - Belém (PA)";"18 ou 19 anos";"16";"11";"5"
"Sucurijuquara - Belém (PA)";"20 a 24 anos";"45";"31";"14"
"Sucurijuquara - Belém (PA)";"25 a 29 anos";"53";"31";"22"
"Sucurijuquara - Belém (PA)";"30 a 34 anos";"46";"25";"21"
"Sucurijuquara - Belém (PA)";"35 a 39 anos";"41";"25";"16"
"Sucurijuquara - Belém (PA)";"40 a 44 anos";"31";"18";"13"
"Sucurijuquara - Belém (PA)";"45 a 49 anos";"44";"25";"19"
"Sucurijuquara - Belém (PA)";"50 a 54 anos";"21";"13";"8"
"Sucurijuquara - Belém (PA)";"55 a 59 anos";"29";"12";"17"
"Sucurijuquara - Belém (PA)";"60 a 69 anos";"30";"12";"18"
"Sucurijuquara - Belém (PA)";"70 anos ou mais";"22";"11";"11"
"Vila - Belém (PA)";"Total";"1662";"865";"797"
"Vila - Belém (PA)";"10 a 14 anos";"19";"11";"8"
"Vila - Belém (PA)";"15 a 19 anos";"40";"26";"14"
"Vila - Belém (PA)";"15 a 17 anos";"13";"7";"6"
"Vila - Belém (PA)";"18 ou 19 anos";"27";"19";"8"
"Vila - Belém (PA)";"20 a 24 anos";"129";"70";"59"
"Vila - Belém (PA)";"25 a 29 anos";"155";"86";"69"
"Vila - Belém (PA)";"30 a 34 anos";"180";"98";"82"
"Vila - Belém (PA)";"35 a 39 anos";"167";"88";"79"
"Vila - Belém (PA)";"40 a 44 anos";"169";"88";"81"
"Vila - Belém (PA)";"45 a 49 anos";"187";"104";"83"
"Vila - Belém (PA)";"50 a 54 anos";"125";"69";"56"
"Vila - Belém (PA)";"55 a 59 anos";"131";"60";"71"
"Vila - Belém (PA)";"60 a 69 anos";"178";"90";"88"
"Vila - Belém (PA)";"70 anos ou mais";"182";"75";"107"
"Praia Grande - Belém (PA)";"Total";"377";"210";"167"
"Praia Grande - Belém (PA)";"10 a 14 anos";"3";"-";"3"
"Praia Grande - Belém (PA)";"15 a 19 anos";"15";"13";"2"
"Praia Grande - Belém (PA)";"15 a 17 anos";"7";"6";"1"
"Praia Grande - Belém (PA)";"18 ou 19 anos";"8";"7";"1"
"Praia Grande - Belém (PA)";"20 a 24 anos";"33";"21";"12"
"Praia Grande - Belém (PA)";"25 a 29 anos";"46";"26";"20"
"Praia Grande - Belém (PA)";"30 a 34 anos";"35";"17";"18"
"Praia Grande - Belém (PA)";"35 a 39 anos";"49";"28";"21"
"Praia Grande - Belém (PA)";"40 a 44 anos";"50";"27";"23"
"Praia Grande - Belém (PA)";"45 a 49 anos";"34";"16";"18"
"Praia Grande - Belém (PA)";"50 a 54 anos";"28";"19";"9"
"Praia Grande - Belém (PA)";"55 a 59 anos";"20";"11";"9"
"Praia Grande - Belém (PA)";"60 a 69 anos";"39";"23";"16"
"Praia Grande - Belém (PA)";"70 anos ou mais";"25";"9";"16"
"Chapéu Virado - Belém (PA)";"Total";"573";"311";"262"
"Chapéu Virado - Belém (PA)";"10 a 14 anos";"1";"-";"1"
"Chapéu Virado - Belém (PA)";"15 a 19 anos";"15";"10";"5"
"Chapéu Virado - Belém (PA)";"15 a 17 anos";"5";"2";"3"
"Chapéu Virado - Belém (PA)";"18 ou 19 anos";"10";"8";"2"
"Chapéu Virado - Belém (PA)";"20 a 24 anos";"53";"28";"25"
"Chapéu Virado - Belém (PA)";"25 a 29 anos";"77";"45";"32"
"Chapéu Virado - Belém (PA)";"30 a 34 anos";"67";"38";"29"
"Chapéu Virado - Belém (PA)";"35 a 39 anos";"73";"33";"40"
"Chapéu Virado - Belém (PA)";"40 a 44 anos";"67";"45";"22"
"Chapéu Virado - Belém (PA)";"45 a 49 anos";"53";"30";"23"
"Chapéu Virado - Belém (PA)";"50 a 54 anos";"40";"22";"18"
"Chapéu Virado - Belém (PA)";"55 a 59 anos";"25";"10";"15"
"Chapéu Virado - Belém (PA)";"60 a 69 anos";"55";"34";"21"
"Chapéu Virado - Belém (PA)";"70 anos ou mais";"47";"16";"31"
"Murubira - Belém (PA)";"Total";"778";"455";"323"
"Murubira - Belém (PA)";"10 a 14 anos";"47";"22";"25"
"Murubira - Belém (PA)";"15 a 19 anos";"35";"25";"10"
"Murubira - Belém (PA)";"15 a 17 anos";"20";"14";"6"
"Murubira - Belém (PA)";"18 ou 19 anos";"15";"11";"4"
"Murubira - Belém (PA)";"20 a 24 anos";"69";"49";"20"
"Murubira - Belém (PA)";"25 a 29 anos";"80";"49";"31"
"Murubira - Belém (PA)";"30 a 34 anos";"109";"54";"55"
"Murubira - Belém (PA)";"35 a 39 anos";"106";"60";"46"
"Murubira - Belém (PA)";"40 a 44 anos";"77";"50";"27"
"Murubira - Belém (PA)";"45 a 49 anos";"58";"39";"19"
"Murubira - Belém (PA)";"50 a 54 anos";"47";"22";"25"
"Murubira - Belém (PA)";"55 a 59 anos";"40";"25";"15"
"Murubira - Belém (PA)";"60 a 69 anos";"69";"37";"32"
"Murubira - Belém (PA)";"70 anos ou mais";"41";"23";"18"
"Bonfim - Belém (PA)";"Total";"209";"144";"65"
"Bonfim - Belém (PA)";"10 a 14 anos";"2";"1";"1"
"Bonfim - Belém (PA)";"15 a 19 anos";"18";"10";"8"
"Bonfim - Belém (PA)";"15 a 17 anos";"10";"5";"5"
"Bonfim - Belém (PA)";"18 ou 19 anos";"8";"5";"3"
"Bonfim - Belém (PA)";"20 a 24 anos";"27";"19";"8"
"Bonfim - Belém (PA)";"25 a 29 anos";"23";"15";"8"
"Bonfim - Belém (PA)";"30 a 34 anos";"38";"28";"10"
"Bonfim - Belém (PA)";"35 a 39 anos";"22";"15";"7"
"Bonfim - Belém (PA)";"40 a 44 anos";"24";"17";"7"
"Bonfim - Belém (PA)";"45 a 49 anos";"22";"15";"7"
"Bonfim - Belém (PA)";"50 a 54 anos";"11";"8";"3"
"Bonfim - Belém (PA)";"55 a 59 anos";"10";"6";"4"
"Bonfim - Belém (PA)";"60 a 69 anos";"11";"9";"2"
"Bonfim - Belém (PA)";"70 anos ou mais";"1";"1";"-"
"Marahú - Belém (PA)";"Total";"72";"49";"23"
"Marahú - Belém (PA)";"10 a 14 anos";"-";"-";"-"
"Marahú - Belém (PA)";"15 a 19 anos";"-";"-";"-"
"Marahú - Belém (PA)";"15 a 17 anos";"-";"-";"-"
"Marahú - Belém (PA)";"18 ou 19 anos";"-";"-";"-"
"Marahú - Belém (PA)";"20 a 24 anos";"3";"3";"-"
"Marahú - Belém (PA)";"25 a 29 anos";"4";"1";"3"
"Marahú - Belém (PA)";"30 a 34 anos";"19";"11";"8"
"Marahú - Belém (PA)";"35 a 39 anos";"8";"7";"1"
"Marahú - Belém (PA)";"40 a 44 anos";"18";"12";"6"
"Marahú - Belém (PA)";"45 a 49 anos";"8";"6";"2"
"Marahú - Belém (PA)";"50 a 54 anos";"9";"7";"2"
"Marahú - Belém (PA)";"55 a 59 anos";"3";"2";"1"
"Marahú - Belém (PA)";"60 a 69 anos";"-";"-";"-"
"Marahú - Belém (PA)";"70 anos ou mais";"-";"-";"-"
"Paraíso - Belém (PA)";"Total";"172";"94";"78"
"Paraíso - Belém (PA)";"10 a 14 anos";"6";"4";"2"
"Paraíso - Belém (PA)";"15 a 19 anos";"4";"2";"2"
"Paraíso - Belém (PA)";"15 a 17 anos";"-";"-";"-"
"Paraíso - Belém (PA)";"18 ou 19 anos";"4";"2";"2"
"Paraíso - Belém (PA)";"20 a 24 anos";"16";"8";"8"
"Paraíso - Belém (PA)";"25 a 29 anos";"15";"10";"5"
"Paraíso - Belém (PA)";"30 a 34 anos";"23";"13";"10"
"Paraíso - Belém (PA)";"35 a 39 anos";"21";"11";"10"
"Paraíso - Belém (PA)";"40 a 44 anos";"18";"13";"5"
"Paraíso - Belém (PA)";"45 a 49 anos";"14";"6";"8"
"Paraíso - Belém (PA)";"50 a 54 anos";"9";"4";"5"
"Paraíso - Belém (PA)";"55 a 59 anos";"8";"3";"5"
"Paraíso - Belém (PA)";"60 a 69 anos";"23";"11";"12"
"Paraíso - Belém (PA)";"70 anos ou mais";"15";"9";"6"
"Baía do Sol - Belém (PA)";"Total";"1119";"636";"483"
"Baía do Sol - Belém (PA)";"10 a 14 anos";"11";"8";"3"
"Baía do Sol - Belém (PA)";"15 a 19 anos";"31";"19";"12"
"Baía do Sol - Belém (PA)";"15 a 17 anos";"17";"9";"8"
"Baía do Sol - Belém (PA)";"18 ou 19 anos";"14";"10";"4"
"Baía do Sol - Belém (PA)";"20 a 24 anos";"72";"44";"28"
"Baía do Sol - Belém (PA)";"25 a 29 anos";"139";"64";"75"
"Baía do Sol - Belém (PA)";"30 a 34 anos";"163";"98";"65"
"Baía do Sol - Belém (PA)";"35 a 39 anos";"133";"73";"60"
"Baía do Sol - Belém (PA)";"40 a 44 anos";"110";"63";"47"
"Baía do Sol - Belém (PA)";"45 a 49 anos";"75";"38";"37"
"Baía do Sol - Belém (PA)";"50 a 54 anos";"78";"50";"28"
"Baía do Sol - Belém (PA)";"55 a 59 anos";"70";"41";"29"
"Baía do Sol - Belém (PA)";"60 a 69 anos";"132";"73";"59"
"Baía do Sol - Belém (PA)";"70 anos ou mais";"105";"65";"40"

